val_f1,val_acc,threshold,epochs_run,n_train,n_val,n_test
0.9768270944741533,0.9761904761904762,0.5300000000000002,20,3826,546,1092
